{
  "Profiles": [
    {
      "ASCII Anti Aliased": true,
      "ASCII Ligatures": true,
      "Ambiguous Double Width": false,
      "Ansi 0 Color": {
        "Blue Component": 0,
        "Green Component": 0,
        "Red Component": 0
      },
      "Ansi 1 Color": {
        "Blue Component": 0.3333333432674408,
        "Green Component": 0.3333333432674408,
        "Red Component": 1
      },
      "Ansi 10 Color": {
        "Blue Component": 0.4823529411764706,
        "Green Component": 0.9803921568627451,
        "Red Component": 0.3137254901960784
      },
      "Ansi 11 Color": {
        "Blue Component": 0.5490196078431373,
        "Green Component": 0.9803921568627451,
        "Red Component": 0.9450980392156862
      },
      "Ansi 12 Color": {
        "Blue Component": 0.9764705882352941,
        "Green Component": 0.5764705882352941,
        "Red Component": 0.7411764705882353
      },
      "Ansi 13 Color": {
        "Blue Component": 0.7764705882352941,
        "Green Component": 0.4745098039215686,
        "Red Component": 1
      },
      "Ansi 14 Color": {
        "Blue Component": 0.9921568627450981,
        "Green Component": 0.9137254901960784,
        "Red Component": 0.5450980392156862
      },
      "Ansi 15 Color": {
        "Blue Component": 1,
        "Green Component": 1,
        "Red Component": 1
      },
      "Ansi 2 Color": {
        "Blue Component": 0.4823529411764706,
        "Green Component": 0.9803921568627451,
        "Red Component": 0.3137254901960784
      },
      "Ansi 3 Color": {
        "Blue Component": 0.5490196078431373,
        "Green Component": 0.9803921568627451,
        "Red Component": 0.9450980392156862
      },
      "Ansi 4 Color": {
        "Blue Component": 0.9764705882352941,
        "Green Component": 0.5764705882352941,
        "Red Component": 0.7411764705882353
      },
      "Ansi 5 Color": {
        "Blue Component": 0.7764705882352941,
        "Green Component": 0.4745098039215686,
        "Red Component": 1
      },
      "Ansi 6 Color": {
        "Blue Component": 0.9921568627450981,
        "Green Component": 0.9137254901960784,
        "Red Component": 0.5450980392156862
      },
      "Ansi 7 Color": {
        "Blue Component": 0.7333333492279053,
        "Green Component": 0.7333333492279053,
        "Red Component": 0.7333333492279053
      },
      "Ansi 8 Color": {
        "Blue Component": 0.3333333333333333,
        "Green Component": 0.3333333333333333,
        "Red Component": 0.3333333333333333
      },
      "Ansi 9 Color": {
        "Blue Component": 0.3333333333333333,
        "Green Component": 0.3333333333333333,
        "Red Component": 1
      },
      "BM Growl": true,
      "Background Color": {
        "Blue Component": 0.1597783714532852,
        "Green Component": 0.1221527233719826,
        "Red Component": 0.1176581159234047
      },
      "Background Image Location": "",
      "Badge Color": {
        "Red Component" : 0.980743408203125,
        "Color Space" : "sRGB",
        "Blue Component" : 0.027415800839662552,
        "Alpha Component" : 0.5,
        "Green Component" : 0.37007609623537974
      },
      "Blink Allowed": true,
      "Blinking Cursor": true,
      "Blur": true,
      "Blur Radius": 9.0,
      "Bold Color": {
        "Blue Component": 1,
        "Green Component": 1,
        "Red Component": 1
      },
      "Bound Hosts": [],
      "Character Encoding": 4,
      "Close Sessions On End": true,
      "Columns": 80,
      "Command": "",
      "Cursor Color": {
        "Blue Component": 0.7333333492279053,
        "Green Component": 0.7333333492279053,
        "Red Component": 0.7333333492279053
      },
      "Cursor Guide Color": {
        "Alpha Component": 0.25,
        "Blue Component": 1,
        "Color Space": "Calibrated",
        "Green Component": 0.91,
        "Red Component": 0.65
      },
      "Cursor Text Color": {
        "Blue Component": 1,
        "Green Component": 1,
        "Red Component": 1
      },
      "Custom Command": "No",
      "Custom Directory": "Recycle",
      "Default Bookmark": "No",
      "Description": "Base",
      "Disable Window Resizing": true,
      "Flashing Bell": false,
      "Foreground Color": {
        "Blue Component": 0.9490196108818054,
        "Green Component": 0.9725490212440491,
        "Red Component": 0.9725490212440491
      },
      "Guid": "799E7925-67C4-4334-8BCC-0689970CFB8D",
      "Horizontal Spacing": 1,
      "Idle Code": 0,
      "Jobs to Ignore": [
        "rlogin",
        "ssh",
        "slogin",
        "telnet"
      ],
      "Keyboard Map": {
        "0x2d-0x40000": {
          "Action": 11,
          "Text": "0x1f"
        },
        "0x32-0x40000": {
          "Action": 11,
          "Text": "0x00"
        },
        "0x33-0x40000": {
          "Action": 11,
          "Text": "0x1b"
        },
        "0x34-0x40000": {
          "Action": 11,
          "Text": "0x1c"
        },
        "0x35-0x40000": {
          "Action": 11,
          "Text": "0x1d"
        },
        "0x36-0x40000": {
          "Action": 11,
          "Text": "0x1e"
        },
        "0x37-0x40000": {
          "Action": 11,
          "Text": "0x1f"
        },
        "0x38-0x40000": {
          "Action": 11,
          "Text": "0x7f"
        },
        "0xf700-0x220000": {
          "Action": 10,
          "Text": "[1;2A"
        },
        "0xf700-0x240000": {
          "Action": 10,
          "Text": "[1;5A"
        },
        "0xf700-0x260000": {
          "Action": 10,
          "Text": "[1;6A"
        },
        "0xf700-0x280000": {
          "Action": 11,
          "Text": "0x1b 0x1b 0x5b 0x41"
        },
        "0xf701-0x220000": {
          "Action": 10,
          "Text": "[1;2B"
        },
        "0xf701-0x240000": {
          "Action": 10,
          "Text": "[1;5B"
        },
        "0xf701-0x260000": {
          "Action": 10,
          "Text": "[1;6B"
        },
        "0xf701-0x280000": {
          "Action": 11,
          "Text": "0x1b 0x1b 0x5b 0x42"
        },
        "0xf702-0x220000": {
          "Action": 10,
          "Text": "[1;2D"
        },
        "0xf702-0x240000": {
          "Action": 10,
          "Text": "[1;5D"
        },
        "0xf702-0x260000": {
          "Action": 10,
          "Text": "[1;6D"
        },
        "0xf702-0x280000": {
          "Action": 10,
          "Text": "b"
        },
        "0xf703-0x220000": {
          "Action": 10,
          "Text": "[1;2C"
        },
        "0xf703-0x240000": {
          "Action": 10,
          "Text": "[1;5C"
        },
        "0xf703-0x260000": {
          "Action": 10,
          "Text": "[1;6C"
        },
        "0xf703-0x280000": {
          "Action": 10,
          "Text": "f"
        },
        "0xf704-0x20000": {
          "Action": 10,
          "Text": "[1;2P"
        },
        "0xf705-0x20000": {
          "Action": 10,
          "Text": "[1;2Q"
        },
        "0xf706-0x20000": {
          "Action": 10,
          "Text": "[1;2R"
        },
        "0xf707-0x20000": {
          "Action": 10,
          "Text": "[1;2S"
        },
        "0xf708-0x20000": {
          "Action": 10,
          "Text": "[15;2~"
        },
        "0xf709-0x20000": {
          "Action": 10,
          "Text": "[17;2~"
        },
        "0xf70a-0x20000": {
          "Action": 10,
          "Text": "[18;2~"
        },
        "0xf70b-0x20000": {
          "Action": 10,
          "Text": "[19;2~"
        },
        "0xf70c-0x20000": {
          "Action": 10,
          "Text": "[20;2~"
        },
        "0xf70d-0x20000": {
          "Action": 10,
          "Text": "[21;2~"
        },
        "0xf70e-0x20000": {
          "Action": 10,
          "Text": "[23;2~"
        },
        "0xf70f-0x20000": {
          "Action": 10,
          "Text": "[24;2~"
        },
        "0xf729-0x20000": {
          "Action": 10,
          "Text": "[1;2H"
        },
        "0xf729-0x40000": {
          "Action": 10,