{
  "Profiles": [
    {
      "Guid": "DDD79C56-75B8-460A-812C-2F6F63EF5898",
      "Name": "Tomorrow Light Mod Base",
      "Dynamic Profile Parent Name": "Base",
      "Only The Default BG Color Uses Transparency": true,
      "Transparency": 0.00,
      "Ansi 0 Color": {
          "Red Component": 0,
          "Green Component": 0,
          "Blue Component": 0
      },
      "Ansi 1 Color": {
          "Red Component": 0.7843137254901961,
          "Green Component": 0.1568627450980392,
          "Blue Component": 0.1607843137254902
      },
      "Ansi 2 Color": {
          "Red Component": 0.44313725490196076,
          "Green Component": 0.5490196078431373,
          "Blue Component": 0
      },
      "Ansi 3 Color": {
          "Red Component": 0.9607843137254902,
          "Green Component": 0.5294117647058824,
          "Blue Component": 0.12156862745098039
      },
      "Ansi 4 Color": {
          "Red Component": 0.25882352941176473,
          "Green Component": 0.44313725490196076,
          "Blue Component": 0.6823529411764706
      },
      "Ansi 5 Color": {
          "Red Component": 0.5372549019607843,
          "Green Component": 0.34901960784313724,
          "Blue Component": 0.6588235294117647
      },
      "Ansi 6 Color": {
          "Red Component": 0.24313725490196078,
          "Green Component": 0.6,
          "Blue Component": 0.6235294117647059
      },
      "Ansi 7 Color": {
          "Red Component": 0.8392156862745098,
          "Green Component": 0.8392156862745098,
          "Blue Component": 0.8392156862745098
      },
      "Ansi 8 Color": {
          "Red Component": 0.4,
          "Green Component": 0.4,
          "Blue Component": 0.4
      },
      "Ansi 9 Color": {
          "Red Component": 1,
          "Green Component": 0.2,
          "Blue Component": 0.20392156862745098
      },
      "Ansi 10 Color": {
          "Red Component": 0.6196078431372549,
          "Green Component": 0.7686274509803922,
          "Blue Component": 0
      },
      "Ansi 11 Color": {
          "Red Component": 0.9176470588235294,
          "Green Component": 0.7176470588235294,
          "Blue Component": 0
      },
      "Ansi 12 Color": {
          "Red Component": 0.25882352941176473,
          "Green Component": 0.44313725490196076,
          "Blue Component": 0.6823529411764706
      },
      "Ansi 13 Color": {
          "Red Component": 0.7176470588235294,
          "Green Component": 0.4666666666666667,
          "Blue Component": 0.8784313725490196
      },
      "Ansi 14 Color": {
          "Red Component": 0.32941176470588235,
          "Green Component": 0.807843137254902,
          "Blue Component": 0.8392156862745098
      },
      "Ansi 15 Color": {
          "Red Component": 0.9372549019607843,
          "Green Component": 0.9372549019607843,
          "Blue Component": 0.9372549019607843
      },
      "Background Color": {
          "Red Component": 1,
          "Green Component": 1,
          "Blue Component": 1
      },
      "Foreground Color": {
          "Red Component": 0.30196078431372547,
          "Green Component": 0.30196078431372547,
          "Blue Component": 0.2980392156862745
      },
      "Bold Color": {
          "Red Component": 0.30196078431372547,
          "Green Component": 0.30196078431372547,
          "Blue Component": 0.2980392156862745
      },
      "Cursor Color": {
          "Red Component": 0.30196078431372547,
          "Green Component": 0.30196078431372547,
          "Blue Component": 0.2980392156862745
      },
      "Cursor Text Color": {
          "Red Component": 1,
          "Green Component": 1,
          "Blue Component": 1
      },
      "Selected Text Color": {
          "Red Component": 0.30196078431372547,
          "Green Component": 0.30196078431372547,
          "Blue Component": 0.2980392156862745
      },
      "Selection Color": {
          "Red Component": 0.8392156862745098,
          "Green Component": 0.8392156862745098,
          "Blue Component": 0.8392156862745098
      }
    }
  ]
}
